{
    "vertices":[-3.92546,-0.26387,-0.684006,3.50504,-0.26387,-0.684007,-3.92546,-0.659714,-0.292403,3.50504,-0.659714,-0.292404,-3.92546,-0.662712,0.264405,3.50504,-0.662712,0.264405,-3.92546,-0.271109,0.660249,3.50504,-0.271109,0.660249,-3.92546,0.2857,0.663247,3.50504,0.2857,0.663247,-3.92546,0.681543,0.271644,3.50504,0.681543,0.271644,-3.92546,0.684541,-0.285165,3.50504,0.684541,-0.285165,-3.92546,0.292939,-0.681008,3.50504,0.292939,-0.681008,4.93663,0.010914,-0.010381],
    "faces":[33,0,1,3,2,0,0,0,0,33,2,3,5,4,1,1,1,1,33,4,5,7,6,2,2,2,2,33,6,7,9,8,3,3,3,3,33,8,9,11,10,4,4,4,4,33,10,11,13,12,5,5,5,5,32,5,3,16,6,6,6,33,12,13,15,14,7,7,7,7,33,1,0,14,15,8,8,8,8,32,14,0,2,9,9,9,32,2,4,6,10,10,10,32,6,8,10,11,11,11,32,10,12,14,12,12,12,32,14,2,6,13,13,13,32,6,10,14,12,12,12,32,11,9,16,14,14,14,32,1,15,16,15,15,15,32,3,1,16,16,16,16,32,7,5,16,17,17,17,32,13,11,16,18,18,18,32,9,7,16,19,19,19,32,15,13,16,20,20,20],
    "normals":[-0,-0.710904,0.703289,-0,-0.005384,0.999985,0,0.703289,0.710904,0,0.999986,0.005385,0,0.710904,-0.703289,0,0.005384,-0.999985,0.424993,-0.004874,0.905183,-0,-0.703289,-0.710904,-0,-0.999986,-0.005385,-1,1e-06,-1e-06,-1,0,-2e-06,-1,0,0,-1,0,-0,-1,0,-1e-06,0.424995,0.643507,-0.636614,0.424993,-0.905183,-0.004874,0.424993,-0.643508,0.636615,0.424994,0.636613,0.643508,0.424995,0.004874,-0.905183,0.424995,0.905183,0.004874,0.424994,-0.636615,-0.643507],
    "name":"CubeGeometry",
    "uvs":[],
    "metadata":{
        "uvs":0,
        "faces":22,
        "vertices":17,
        "version":3,
        "normals":21,
        "generator":"io_three",
        "type":"Geometry"
    }
}